,Changed,Consumed
1,0.19576592952102667,0.19576592952102667
2,0.27367232791195373,0.27367232791195373
3,0.30772546594686195,0.30772546594686195
4,0.321860770955278,0.321860770955278
5,0.32583431200605584,0.32583431200605584
6,0.32424143778185516,0.32424143778185516
7,0.31928156595942636,0.31928156595942636
